"Files","WordCount","HasLorem","HasHeader","HasFooter","HasMain","BrokenImagesCount","BrokenImagesList","InlineStylesCount"
"D:\Downloads Jan 26\new_TWC\new_TWC\about.html","1342","False","True","True","True","0","","90"
"D:\Downloads Jan 26\new_TWC\new_TWC\audit.html","484","False","True","False","False","0","","20"
"D:\Downloads Jan 26\new_TWC\new_TWC\case-studies.html","1605","False","True","True","True","0","","23"
"D:\Downloads Jan 26\new_TWC\new_TWC\clients.html","120","False","True","True","True","0","","1"
"D:\Downloads Jan 26\new_TWC\new_TWC\contact.html","397","False","True","True","True","0","","37"
"D:\Downloads Jan 26\new_TWC\new_TWC\index.html","2975","False","True","True","True","0","","101"
"D:\Downloads Jan 26\new_TWC\new_TWC\industries.html","893","False","True","True","True","0","","41"
"D:\Downloads Jan 26\new_TWC\new_TWC\privacy.html","552","False","True","True","True","0","","13"
"D:\Downloads Jan 26\new_TWC\new_TWC\services.html","1405","False","True","True","True","0","","81"
"D:\Downloads Jan 26\new_TWC\new_TWC\blog\2025-04-semantic-search-optimization.html","1104","False","True","True","True","0","","20"
"D:\Downloads Jan 26\new_TWC\new_TWC\blog\2025-05-headless-cms-guide.html","1065","False","True","True","True","0","","20"
"D:\Downloads Jan 26\new_TWC\new_TWC\blog\2025-05-real-estate-local-seo.html","853","False","True","True","True","0","","20"
"D:\Downloads Jan 26\new_TWC\new_TWC\blog\2025-06-edtech-lead-generation.html","934","False","True","True","True","0","","20"
"D:\Downloads Jan 26\new_TWC\new_TWC\blog\2025-06-fintech-design-trends.html","1073","False","True","True","True","0","","20"
"D:\Downloads Jan 26\new_TWC\new_TWC\blog\2025-07-programmatic-advertising-guide.html","1221","False","True","True","True","0","","20"
"D:\Downloads Jan 26\new_TWC\new_TWC\blog\2025-07-server-side-tracking-guide.html","1003","False","True","True","True","0","","20"
"D:\Downloads Jan 26\new_TWC\new_TWC\blog\2025-08-ecommerce-category-seo.html","1038","False","True","True","True","0","","20"
"D:\Downloads Jan 26\new_TWC\new_TWC\blog\2025-08-google-ads-smart-bidding.html","1568","False","True","True","True","0","","20"
"D:\Downloads Jan 26\new_TWC\new_TWC\blog\2025-08-healthcare-patient-acquisition.html","926","False","True","True","True","0","","20"
"D:\Downloads Jan 26\new_TWC\new_TWC\blog\2025-09-marketing-mix-modeling.html","1071","False","True","True","True","0","","20"
"D:\Downloads Jan 26\new_TWC\new_TWC\blog\2025-09-meta-ads-scaling.html","1229","False","True","True","True","0","","20"
"D:\Downloads Jan 26\new_TWC\new_TWC\blog\2025-10-hospitality-digital-trends.html","892","False","True","True","True","0","","20"
"D:\Downloads Jan 26\new_TWC\new_TWC\blog\2025-10-landing-page-psychology.html","1079","False","True","True","True","0","","20"
"D:\Downloads Jan 26\new_TWC\new_TWC\blog\2025-11-international-seo-hreflang.html","1019","False","True","True","True","0","","20"
"D:\Downloads Jan 26\new_TWC\new_TWC\blog\2025-11-retention-marketing-strategies.html","982","False","True","True","True","0","","20"
"D:\Downloads Jan 26\new_TWC\new_TWC\blog\2025-12-5-second-test-cro.html","814","False","True","True","True","0","","21"
"D:\Downloads Jan 26\new_TWC\new_TWC\blog\2025-12-aso-growth-guide.html","1141","False","True","True","True","0","","20"
"D:\Downloads Jan 26\new_TWC\new_TWC\blog\2025-12-b2b-site-transformation-case-study.html","865","False","True","True","True","0","","21"
"D:\Downloads Jan 26\new_TWC\new_TWC\blog\2025-12-brand-search-volume-seo.html","796","False","True","True","True","0","","21"
"D:\Downloads Jan 26\new_TWC\new_TWC\blog\2025-12-brochure-sites-leak-revenue.html","1068","False","True","True","True","0","","21"
"D:\Downloads Jan 26\new_TWC\new_TWC\blog\2025-12-cognitive-load-clean-design.html","774","False","True","True","True","0","","21"
"D:\Downloads Jan 26\new_TWC\new_TWC\blog\2025-12-content-marketing-roi.html","1840","False","True","True","True","0","","20"
"D:\Downloads Jan 26\new_TWC\new_TWC\blog\2025-12-content-pruning-seo.html","807","False","True","True","True","0","","21"
"D:\Downloads Jan 26\new_TWC\new_TWC\blog\2025-12-content-refresh-strategy.html","823","False","True","True","True","0","","21"
"D:\Downloads Jan 26\new_TWC\new_TWC\blog\2025-12-cookieless-performance-marketing.html","1721","False","True","True","True","0","","20"
"D:\Downloads Jan 26\new_TWC\new_TWC\blog\2025-12-core-web-vitals-optimization.html","1839","False","True","True","True","0","","20"
"D:\Downloads Jan 26\new_TWC\new_TWC\blog\2025-12-crawl-budget-explained.html","827","False","True","True","True","0","","21"
"D:\Downloads Jan 26\new_TWC\new_TWC\blog\2025-12-dark-mode-ui-accessibility.html","828","False","True","True","True","0","","21"
"D:\Downloads Jan 26\new_TWC\new_TWC\blog\2025-12-digital-pr-backlinks-strategy.html","795","False","True","True","True","0","","21"
"D:\Downloads Jan 26\new_TWC\new_TWC\blog\2025-12-ecommerce-conversion-optimization.html","1670","False","True","True","True","0","","20"
"D:\Downloads Jan 26\new_TWC\new_TWC\blog\2025-12-eeat-google-seo-factor.html","1361","False","True","True","True","0","","36"
"D:\Downloads Jan 26\new_TWC\new_TWC\blog\2025-12-email-marketing-automation.html","1769","False","True","True","True","0","","20"
"D:\Downloads Jan 26\new_TWC\new_TWC\blog\2025-12-email-nurture-sequences-leads.html","805","False","True","True","True","0","","21"
"D:\Downloads Jan 26\new_TWC\new_TWC\blog\2025-12-enterprise-seo-strategy.html","1597","False","True","True","True","0","","20"
"D:\Downloads Jan 26\new_TWC\new_TWC\blog\2025-12-entity-seo-knowledge-graph.html","810","False","True","True","True","0","","21"
"D:\Downloads Jan 26\new_TWC\new_TWC\blog\2025-12-faceted-navigation-ecommerce.html","793","False","True","True","True","0","","21"
"D:\Downloads Jan 26\new_TWC\new_TWC\blog\2025-12-featured-snippets-position-zero.html","796","False","True","True","True","0","","21"
"D:\Downloads Jan 26\new_TWC\new_TWC\blog\2025-12-features-vs-benefits-copywriting.html","820","False","True","True","True","0","","21"
"D:\Downloads Jan 26\new_TWC\new_TWC\blog\2025-12-future-of-seo-2025.html","1488","False","True","True","True","0","","23"
"D:\Downloads Jan 26\new_TWC\new_TWC\blog\2025-12-ga4-migration-guide.html","1717","False","True","True","True","0","","20"
"D:\Downloads Jan 26\new_TWC\new_TWC\blog\2025-12-google-knowledge-panel-guide.html","831","False","True","True","True","0","","21"
"D:\Downloads Jan 26\new_TWC\new_TWC\blog\2025-12-inp-metric-killing-rankings.html","873","False","True","True","True","0","","21"
"D:\Downloads Jan 26\new_TWC\new_TWC\blog\2025-12-internal-linking-strategy.html","826","False","True","True","True","0","","21"
"D:\Downloads Jan 26\new_TWC\new_TWC\blog\2025-12-international-seo-hreflang.html","824","False","True","True","True","0","","22"
"D:\Downloads Jan 26\new_TWC\new_TWC\blog\2025-12-javascript-seo-react-angular.html","842","False","True","True","True","0","","21"
"D:\Downloads Jan 26\new_TWC\new_TWC\blog\2025-12-keyword-cannibalization-seo.html","852","False","True","True","True","0","","21"
"D:\Downloads Jan 26\new_TWC\new_TWC\blog\2025-12-keyword-density-is-dead.html","851","False","True","True","True","0","","21"
"D:\Downloads Jan 26\new_TWC\new_TWC\blog\2025-12-landing-page-anatomy-high-converting.html","765","False","True","True","True","0","","21"
"D:\Downloads Jan 26\new_TWC\new_TWC\blog\2025-12-linkedin-b2b-advertising.html","1763","False","True","True","True","0","","20"
"D:\Downloads Jan 26\new_TWC\new_TWC\blog\2025-12-linkedin-ghostwriting-founder-brand.html","801","False","True","True","True","0","","21"
"D:\Downloads Jan 26\new_TWC\new_TWC\blog\2025-12-local-seo-multi-location.html","1896","False","True","True","True","0","","20"
"D:\Downloads Jan 26\new_TWC\new_TWC\blog\2025-12-log-file-analysis-guide.html","817","False","True","True","True","0","","21"
"D:\Downloads Jan 26\new_TWC\new_TWC\blog\2025-12-long-form-vs-short-form-copy.html","807","False","True","True","True","0","","21"
"D:\Downloads Jan 26\new_TWC\new_TWC\blog\2025-12-micro-copy-magic-cro.html","780","False","True","True","True","0","","21"
"D:\Downloads Jan 26\new_TWC\new_TWC\blog\2025-12-mobile-first-vs-mobile-only.html","852","False","True","True","True","0","","21"
"D:\Downloads Jan 26\new_TWC\new_TWC\blog\2025-12-mobile-usability-errors.html","808","False","True","True","True","0","","21"
"D:\Downloads Jan 26\new_TWC\new_TWC\blog\2025-12-perfect-seo-blog-structure.html","805","False","True","True","True","0","","21"
"D:\Downloads Jan 26\new_TWC\new_TWC\blog\2025-12-podcast-seo-backlinks.html","779","False","True","True","True","0","","21"
"D:\Downloads Jan 26\new_TWC\new_TWC\blog\2025-12-programmatic-seo-guide.html","828","False","True","True","True","0","","21"
"D:\Downloads Jan 26\new_TWC\new_TWC\blog\2025-12-psychological-triggers-marketing.html","794","False","True","True","True","0","","21"
"D:\Downloads Jan 26\new_TWC\new_TWC\blog\2025-12-redesign-vs-revamp.html","923","False","True","True","True","0","","22"
"D:\Downloads Jan 26\new_TWC\new_TWC\blog\2025-12-reputation-management-orm.html","799","False","True","True","True","0","","21"
"D:\Downloads Jan 26\new_TWC\new_TWC\blog\2025-12-roi-of-ux.html","924","False","True","True","True","0","","22"
"D:\Downloads Jan 26\new_TWC\new_TWC\blog\2025-12-schema-markup-101.html","810","False","True","True","True","0","","22"
"D:\Downloads Jan 26\new_TWC\new_TWC\blog\2025-12-score-100-pagespeed-insights.html","864","False","True","True","True","0","","21"
"D:\Downloads Jan 26\new_TWC\new_TWC\blog\2025-12-seo-migration-guide.html","972","False","True","True","True","0","","22"
"D:\Downloads Jan 26\new_TWC\new_TWC\blog\2025-12-social-proof-trust-signals.html","791","False","True","True","True","0","","21"
"D:\Downloads Jan 26\new_TWC\new_TWC\blog\2025-12-technical-seo-audit-15-mins.html","786","False","True","True","True","0","","21"
"D:\Downloads Jan 26\new_TWC\new_TWC\blog\2025-12-thought-leadership-content.html","788","False","True","True","True","0","","21"
"D:\Downloads Jan 26\new_TWC\new_TWC\blog\2025-12-topic-cluster-model-seo.html","838","False","True","True","True","0","","21"
"D:\Downloads Jan 26\new_TWC\new_TWC\blog\2025-12-trust-signals-fortune-500.html","763","False","True","True","True","0","","21"
"D:\Downloads Jan 26\new_TWC\new_TWC\blog\2025-12-us-vs-them-positioning.html","802","False","True","True","True","0","","21"
"D:\Downloads Jan 26\new_TWC\new_TWC\blog\2025-12-ux-audit-101.html","858","False","True","True","True","0","","22"
"D:\Downloads Jan 26\new_TWC\new_TWC\blog\2025-12-video-marketing-strategy.html","1693","False","True","True","True","0","","20"
"D:\Downloads Jan 26\new_TWC\new_TWC\blog\2025-12-voice-search-optimization.html","1620","False","True","True","True","0","","20"
"D:\Downloads Jan 26\new_TWC\new_TWC\blog\2025-12-website-revamp-checklist.html","991","False","True","True","True","0","","22"
"D:\Downloads Jan 26\new_TWC\new_TWC\blog\2025-12-wordpress-vs-custom-code.html","823","False","True","True","True","0","","21"
"D:\Downloads Jan 26\new_TWC\new_TWC\blog\2025-12-zero-volume-keywords-strategy.html","830","False","True","True","True","0","","21"
"D:\Downloads Jan 26\new_TWC\new_TWC\blog\index.html","2307","False","True","True","True","0","","88"
"D:\Downloads Jan 26\new_TWC\new_TWC\blog\post-template.html","331","False","True","True","False","0","","17"
"D:\Downloads Jan 26\new_TWC\new_TWC\pages\answer-engine-optimization.html","1203","False","True","False","True","0","","19"
"D:\Downloads Jan 26\new_TWC\new_TWC\pages\app-store-optimization.html","2045","False","True","True","True","0","","33"
"D:\Downloads Jan 26\new_TWC\new_TWC\pages\brand-authority.html","1102","False","True","True","True","0","","58"
"D:\Downloads Jan 26\new_TWC\new_TWC\pages\case-study-certification-planner.html","470","False","True","True","True","0","","25"
"D:\Downloads Jan 26\new_TWC\new_TWC\pages\case-study-edelweiss.html","398","False","True","True","True","0","","19"
"D:\Downloads Jan 26\new_TWC\new_TWC\pages\case-study-fern-hotels.html","873","False","True","True","True","0","","25"
"D:\Downloads Jan 26\new_TWC\new_TWC\pages\case-study-fern-revamp.html","555","False","True","True","True","0","","37"
"D:\Downloads Jan 26\new_TWC\new_TWC\pages\case-study-fino-bank.html","587","False","True","True","True","0","","46"
"D:\Downloads Jan 26\new_TWC\new_TWC\pages\case-study-hdb.html","375","False","True","True","True","0","","60"
"D:\Downloads Jan 26\new_TWC\new_TWC\pages\case-study-highbar.html","515","False","True","True","True","0","","45"
"D:\Downloads Jan 26\new_TWC\new_TWC\pages\case-study-ims-proschool.html","535","False","True","True","True","0","","46"
"D:\Downloads Jan 26\new_TWC\new_TWC\pages\case-study-itm-sem.html","542","False","True","True","True","0","","47"
"D:\Downloads Jan 26\new_TWC\new_TWC\pages\case-study-kotak-mf.html","930","False","True","True","True","0","","85"
"D:\Downloads Jan 26\new_TWC\new_TWC\pages\case-study-kredx.html","444","False","True","True","True","0","","15"
"D:\Downloads Jan 26\new_TWC\new_TWC\pages\case-study-kwc.html","469","False","True","True","True","0","","15"
"D:\Downloads Jan 26\new_TWC\new_TWC\pages\case-study-livingfoodz.html","1014","False","True","True","True","0","","81"
"D:\Downloads Jan 26\new_TWC\new_TWC\pages\case-study-metasys.html","463","False","True","True","True","0","","15"
"D:\Downloads Jan 26\new_TWC\new_TWC\pages\case-study-mintpro.html","521","False","True","True","True","0","","46"
"D:\Downloads Jan 26\new_TWC\new_TWC\pages\case-study-msidc.html","532","False","True","True","True","0","","30"
"D:\Downloads Jan 26\new_TWC\new_TWC\pages\case-study-mymilestones.html","463","False","True","True","True","0","","15"
"D:\Downloads Jan 26\new_TWC\new_TWC\pages\case-study-royaloak.html","463","False","True","True","True","0","","15"
"D:\Downloads Jan 26\new_TWC\new_TWC\pages\case-study-rudra.html","465","False","True","True","True","0","","15"
"D:\Downloads Jan 26\new_TWC\new_TWC\pages\case-study-sungrow.html","596","False","True","True","True","0","","45"
"D:\Downloads Jan 26\new_TWC\new_TWC\pages\case-study-template.html","500","False","True","True","True","0","","45"
"D:\Downloads Jan 26\new_TWC\new_TWC\pages\case-study-tradebulls.html","460","False","True","True","True","0","","15"
"D:\Downloads Jan 26\new_TWC\new_TWC\pages\case-study-tradesmart.html","447","False","True","True","True","0","","15"
"D:\Downloads Jan 26\new_TWC\new_TWC\pages\case-study-turtlemint.html","524","False","True","True","True","0","","46"
"D:\Downloads Jan 26\new_TWC\new_TWC\pages\client-template.html","463","False","True","True","True","1","../assets/images/clients/{{logo_filename}}","15"
"D:\Downloads Jan 26\new_TWC\new_TWC\pages\conversion-rate-optimization.html","1081","False","True","True","False","0","","72"
"D:\Downloads Jan 26\new_TWC\new_TWC\pages\core-web-vitals.html","1579","False","True","True","True","0","","70"
"D:\Downloads Jan 26\new_TWC\new_TWC\pages\design-system.html","352","False","True","True","False","0","","19"
"D:\Downloads Jan 26\new_TWC\new_TWC\pages\ecommerce-seo.html","1373","False","True","True","True","0","","20"
"D:\Downloads Jan 26\new_TWC\new_TWC\pages\enterprise-seo.html","1581","False","True","True","False","0","","25"
"D:\Downloads Jan 26\new_TWC\new_TWC\pages\frameworks.html","1015","False","True","True","False","0","","44"
"D:\Downloads Jan 26\new_TWC\new_TWC\pages\ga4-analytics-setup.html","726","False","True","True","True","0","","47"
"D:\Downloads Jan 26\new_TWC\new_TWC\pages\gmb-optimization.html","1949","False","True","True","True","0","","27"
"D:\Downloads Jan 26\new_TWC\new_TWC\pages\industry-bfsi.html","438","False","True","True","True","0","","22"
"D:\Downloads Jan 26\new_TWC\new_TWC\pages\industry-ecommerce.html","1217","False","True","True","True","0","","33"
"D:\Downloads Jan 26\new_TWC\new_TWC\pages\industry-education.html","1184","False","True","True","True","0","","34"
"D:\Downloads Jan 26\new_TWC\new_TWC\pages\industry-hospitality.html","1146","False","True","True","True","0","","24"
"D:\Downloads Jan 26\new_TWC\new_TWC\pages\industry-local.html","1002","False","True","True","True","0","","37"
"D:\Downloads Jan 26\new_TWC\new_TWC\pages\landing-page-copy.html","1188","False","True","True","True","0","","64"
"D:\Downloads Jan 26\new_TWC\new_TWC\pages\local-seo.html","1327","False","True","True","True","0","","23"
"D:\Downloads Jan 26\new_TWC\new_TWC\pages\performance-marketing.html","1325","False","True","True","True","0","","31"
"D:\Downloads Jan 26\new_TWC\new_TWC\pages\seo-content-strategy.html","1313","False","True","True","True","0","","54"
"D:\Downloads Jan 26\new_TWC\new_TWC\pages\seo-services.html","1750","False","True","True","True","0","","72"
"D:\Downloads Jan 26\new_TWC\new_TWC\pages\technical-seo.html","1494","False","True","True","True","0","","64"
"D:\Downloads Jan 26\new_TWC\new_TWC\pages\web-design-development.html","1446","False","True","True","True","0","","69"
"D:\Downloads Jan 26\new_TWC\new_TWC\pages\website-revamp.html","1332","False","True","True","True","0","","74"
